{
  "IcoMoonType": "selection",
  "icons": [
    {
      "icon": {
        "paths": [
          "M938 512v-256h-340v256h340zM598 768v-42q0-58-88-95t-168-37-168 37-88 95v42h512zM342 256q-52 0-90 38t-38 90 38 90 90 38 90-38 38-90-38-90-90-38zM938 128q34 0 60 26t26 60v596q0 34-26 60t-60 26h-852q-34 0-60-26t-26-60v-596q0-34 26-60t60-26h852zM896 342l-128 84-128-84v-44l128 86 128-86v44z"
        ],
        "attrs": [],
        "isMulticolor": false,
        "isMulticolor2": false,
        "tags": [
          "contact_mail"
        ],
        "grid": 24
      },
      "attrs": [],
      "properties": {
        "ligatures": "contact_mail",
        "id": 115,
        "order": 2,
        "prevSize": 24,
        "name": "contact_mail"
      },
      "setIdx": 0,
      "setId": 3,
      "iconIdx": 115
    }
  ],
  "height": 1024,
  "preferences": {
    "showGlyphs": true,
    "showQuickUse": true,
    "showQuickUse2": true,
    "showSVGs": true,
    "fontPref": {
      "prefix": "icon-",
      "metadata": {
        "fontFamily": "icomoon"
      },
      "metrics": {
        "emSize": 1024,
        "baseline": 6.25,
        "whitespace": 50
      },
      "embed": false,
      "autoHost": true
    },
    "imagePref": {
      "prefix": "icon-",
      "png": true,
      "useClassSelector": true,
      "color": 0,
      "bgColor": 16777215,
      "classSelector": ".icon",
      "name": "icomoon",
      "autoHost": true
    },
    "historySize": 50,
    "showCodes": true,
    "gridSize": 16,
    "quickUsageToken": {
      "UntitledProject": "NGYwMTI2ZTA0MmJlMGE5ODRmMGNiMDk4OGUzOTQxNWMjMSMxNjU5MjYyNjkzIyMjM2YxNTE0MGY0OTU1"
    }
  }
}